Movie_ID,Movie_Title,Genre,Language,Age_Rating,Release_Year,Runtime_Minutes,IMDb_Rating,Number_of_Votes,Budget_Million,Revenue_Million,Hit
1,Movie_001,Action,English,PG,2006,160,4.9,85656,29.59,56.11,No
2,Movie_002,Romance,English,PG,2019,115,8.3,85524,7.42,11.75,No
3,Movie_003,Action,English,U,2014,154,8.1,85498,26.24,121.41,Yes
4,Movie_004,Drama,English,U,2010,138,6.2,85421,13.05,23.5,No
5,Movie_005,Comedy,Hindi,R,2007,131,6.2,85691,4.31,6.7,No
6,Movie_006,Thriller,English,R,2020,145,7.5,85140,5.31,20.65,Yes
7,Movie_007,Horror,English,PG,2006,126,7.0,85295,24.28,43.9,No
8,Movie_008,Sci-Fi,Tamil,R,2025,131,7.9,85279,18.44,85.78,Yes
9,Movie_009,Romance,Spanish,PG-13,2018,146,7.4,85495,13.15,58.48,Yes
10,Movie_010,Action,English,PG-13,2022,176,8.4,85826,9.92,11.13,No
11,Movie_011,Sci-Fi,English,PG-13,2010,131,7.9,85743,14.27,73.71,Yes
12,Movie_012,Horror,Telugu,U,2010,114,7.6,85377,23.58,22.03,No
13,Movie_013,Comedy,English,U,2023,75,6.7,85204,36.85,168.1,No
14,Movie_014,Animation,English,PG-13,2020,174,6.6,85743,38.2,299.59,No
15,Movie_015,Sci-Fi,English,PG-13,2003,118,7.0,85825,16.1,63.27,Yes
16,Movie_016,Romance,English,PG,2007,138,8.7,85987,10.71,7.29,No
17,Movie_017,Thriller,Tamil,R,2023,173,6.6,85592,13.59,56.93,No
18,Movie_018,Sci-Fi,English,PG-13,2002,131,7.2,85414,18.02,177.62,Yes
19,Movie_019,Comedy,Telugu,U,2021,120,5.0,85132,17.97,23.46,No
20,Movie_020,Action,Hindi,R,2020,160,7.6,85299,32.49,76.75,Yes
21,Movie_021,Drama,English,R,2001,137,9.0,85174,59.55,78.7,No
22,Movie_022,Comedy,English,R,2023,140,6.2,85163,10.44,25.21,No
23,Movie_023,Drama,English,U,2011,87,9.5,85479,61.37,422.96,Yes
24,Movie_024,Thriller,Hindi,PG-13,2005,155,7.2,85375,29.35,105.74,Yes
25,Movie_025,Drama,English,PG-13,2001,134,4.7,85677,11.3,130.16,No
26,Movie_026,Action,English,PG-13,2020,91,6.7,85467,37.48,81.57,No
27,Movie_027,Drama,Hindi,R,2000,137,8.2,84990,43.13,38.96,No
28,Movie_028,Thriller,English,PG-13,2011,75,8.8,86375,8.63,26.98,Yes
29,Movie_029,Comedy,English,R,2025,184,7.6,85066,44.66,22.44,No
30,Movie_030,Sci-Fi,English,R,2021,97,8.4,85765,27.28,51.52,No
31,Movie_031,Action,English,R,2011,165,5.9,85517,71.98,388.11,No
32,Movie_032,Drama,Korean,PG,2024,105,6.4,85617,8.86,22.27,No
33,Movie_033,Drama,English,PG,2016,139,5.5,85695,9.35,18.37,No
34,Movie_034,Comedy,Hindi,PG,2009,102,6.5,85623,2.66,17.95,No
35,Movie_035,Horror,English,R,2015,150,7.7,84851,18.7,38.4,Yes
36,Movie_036,Horror,Telugu,U,2014,119,7.2,84786,16.14,83.9,Yes
37,Movie_037,Romance,English,PG-13,2014,137,7.8,85478,7.99,21.55,Yes
38,Movie_038,Comedy,English,PG,2018,125,6.2,85105,11.46,28.92,No
39,Movie_039,Comedy,Spanish,PG-13,2011,91,6.2,85215,4.56,4.07,No
40,Movie_040,Comedy,Tamil,R,2022,138,7.2,85435,29.93,50.08,No
41,Movie_041,Comedy,Korean,R,2019,112,6.5,85716,8.44,7.03,No
42,Movie_042,Horror,English,PG,2024,151,8.2,85463,124.03,303.94,Yes
43,Movie_043,Drama,English,R,2002,119,6.4,85622,10.68,28.01,No
44,Movie_044,Action,English,PG-13,2004,123,6.6,85386,6.89,7.03,No
45,Movie_045,Comedy,Hindi,PG,2018,167,7.4,85485,8.94,79.68,Yes
46,Movie_046,Comedy,English,PG-13,2006,185,6.6,85525,4.23,10.63,No
47,Movie_047,Romance,Tamil,PG-13,2020,145,5.9,85421,17.49,34.06,No
48,Movie_048,Romance,English,PG,2008,118,6.0,85781,8.89,27.97,No
49,Movie_049,Action,Spanish,PG-13,2006,116,7.5,85637,28.46,39.59,No
50,Movie_050,Animation,Hindi,PG,2017,105,5.8,85516,9.91,20.32,No
51,Movie_051,Comedy,Tamil,PG,2003,109,8.3,85890,34.41,56.98,No
52,Movie_052,Animation,English,PG-13,2024,118,6.4,85469,21.5,120.49,No
53,Movie_053,Drama,English,PG,2013,174,7.6,85403,12.45,15.12,No
54,Movie_054,Action,Telugu,PG,2017,120,6.4,84958,39.85,84.48,No
55,Movie_055,Drama,English,PG-13,2025,94,6.2,84859,24.88,60.75,No
56,Movie_056,Sci-Fi,English,PG-13,2008,126,7.2,85567,111.01,328.46,Yes
57,Movie_057,Romance,Spanish,PG-13,2025,129,7.9,85415,8.96,15.42,No
58,Movie_058,Horror,Telugu,PG-13,2020,126,6.8,85361,12.9,15.58,No
59,Movie_059,Drama,English,PG-13,2001,145,6.9,85703,39.51,59.96,No
60,Movie_060,Horror,English,PG-13,2019,127,7.7,85473,3.83,13.22,Yes
61,Movie_061,Sci-Fi,English,PG,2014,144,7.8,85848,32.71,73.88,Yes
62,Movie_062,Action,Telugu,PG,2006,105,7.0,85574,16.94,63.26,Yes
63,Movie_063,Drama,English,PG-13,2011,170,6.6,85970,6.26,17.91,No
64,Movie_064,Comedy,English,U,2007,131,7.1,85081,4.38,2.25,No
65,Movie_065,Thriller,English,PG-13,2014,135,6.8,85112,7.36,18.69,No
66,Movie_066,Horror,English,PG-13,2002,105,7.3,85774,2.2,22.05,Yes
67,Movie_067,Animation,Telugu,PG-13,2013,137,5.9,85573,8.44,37.47,No
68,Movie_068,Drama,English,R,2016,141,7.2,85905,19.43,58.52,Yes
69,Movie_069,Thriller,Korean,PG-13,2003,96,6.4,85951,8.52,8.71,No
70,Movie_070,Thriller,English,PG,2017,84,7.8,85714,34.51,116.73,Yes
71,Movie_071,Action,English,U,2007,132,6.4,85418,42.31,139.25,No
72,Movie_072,Horror,English,R,2003,113,6.4,85258,31.71,54.71,No
73,Movie_073,Romance,English,R,2001,131,7.4,85104,14.48,41.86,Yes
74,Movie_074,Thriller,Spanish,PG,2005,93,7.0,85403,2.13,12.65,Yes
75,Movie_075,Drama,Hindi,PG-13,2021,86,9.0,85777,7.19,11.78,No
76,Movie_076,Comedy,Hindi,U,2009,130,5.5,85242,10.95,9.62,No
77,Movie_077,Romance,Telugu,U,2003,116,7.1,85581,6.23,22.06,Yes
78,Movie_078,Thriller,English,PG,2021,75,8.0,85289,10.97,37.57,Yes
79,Movie_079,Drama,Telugu,PG,2017,159,6.5,85935,40.75,164.37,No
80,Movie_080,Action,English,R,2025,92,6.2,85603,3.55,10.13,No
81,Movie_081,Animation,Hindi,PG-13,2011,189,6.2,85860,47.41,64.61,No
82,Movie_082,Drama,English,PG,2001,109,5.5,85409,23.65,54.77,No
83,Movie_083,Horror,English,PG-13,2009,135,8.2,85481,14.9,18.49,No
84,Movie_084,Thriller,English,R,2003,166,6.7,85847,7.13,12.91,No
85,Movie_085,Sci-Fi,English,R,2013,162,6.6,85355,6.33,18.42,No
86,Movie_086,Romance,English,U,2015,175,5.1,85706,3.6,4.62,No
87,Movie_087,Comedy,English,PG,2014,87,5.7,85281,44.15,397.97,No
88,Movie_088,Horror,Spanish,U,2007,97,8.3,85668,38.6,29.78,No
89,Movie_089,Romance,English,PG,2013,131,7.3,85527,4.24,6.89,No
90,Movie_090,Comedy,English,U,2022,146,8.0,85081,8.05,11.13,No
91,Movie_091,Comedy,Telugu,PG-13,2024,125,7.9,85902,16.86,26.86,No
92,Movie_092,Animation,Tamil,PG,2007,84,6.1,85959,9.73,12.42,No
93,Movie_093,Horror,English,PG,2020,137,9.2,85637,2.89,3.57,No
94,Movie_094,Comedy,Hindi,PG,2015,120,8.8,85867,7.44,33.95,Yes
95,Movie_095,Animation,Hindi,PG,2012,120,6.5,85517,52.63,76.22,No
96,Movie_096,Animation,English,PG,2017,75,4.2,85274,7.83,11.63,No
97,Movie_097,Horror,Spanish,PG-13,2014,145,6.7,85172,10.78,17.31,No
98,Movie_098,Thriller,Korean,U,2020,129,7.2,85267,5.16,7.54,No
99,Movie_099,Comedy,English,PG,2023,170,6.5,85073,18.93,116.0,No
100,Movie_100,Comedy,English,PG,2025,123,6.8,85210,13.28,52.31,No
101,Movie_101,Romance,Spanish,PG-13,2024,139,6.3,85894,6.98,4.15,No
102,Movie_102,Thriller,Hindi,PG,2012,146,7.8,85801,4.58,3.15,No
103,Movie_103,Thriller,Hindi,U,2008,81,7.1,85965,34.93,155.28,Yes
104,Movie_104,Drama,Telugu,U,2014,190,7.9,85546,3.65,6.54,No
105,Movie_105,Thriller,Hindi,R,2012,114,8.1,85288,17.78,15.68,No
106,Movie_106,Thriller,Spanish,PG,2000,137,5.0,85012,2.42,7.59,No
107,Movie_107,Animation,Spanish,PG-13,2024,141,6.3,85549,20.71,46.3,No
108,Movie_108,Thriller,Korean,R,2006,105,6.4,85397,25.22,60.43,No
109,Movie_109,Sci-Fi,Hindi,U,2008,171,9.3,85800,27.69,138.57,Yes
110,Movie_110,Sci-Fi,Tamil,R,2023,132,7.1,85312,10.8,10.4,No
111,Movie_111,Drama,Telugu,PG-13,2000,120,7.7,85444,39.96,33.88,No
112,Movie_112,Animation,Hindi,U,2011,128,5.3,85410,68.78,323.87,No
113,Movie_113,Animation,English,PG,2007,144,7.1,85725,9.57,8.49,No
114,Movie_114,Comedy,Tamil,PG-13,2023,125,7.9,85190,8.69,9.86,No
115,Movie_115,Drama,Tamil,PG-13,2010,147,7.8,86141,13.62,17.38,No
116,Movie_116,Horror,Hindi,R,2018,83,7.6,85743,8.51,79.48,Yes
117,Movie_117,Drama,Tamil,PG,2016,106,7.0,85478,7.63,23.4,Yes
118,Movie_118,Animation,Telugu,PG-13,2007,75,7.1,84978,8.15,34.46,Yes
119,Movie_119,Comedy,English,PG,2002,175,5.5,85456,44.12,87.64,No
120,Movie_120,Action,English,PG-13,2002,175,6.2,85578,21.73,28.97,No
121,Movie_121,Horror,English,PG-13,2000,141,7.2,84937,8.49,29.29,Yes
122,Movie_122,Comedy,English,U,2004,100,6.4,85393,1.93,1.43,No
123,Movie_123,Drama,English,U,2009,185,7.6,85281,3.83,4.54,No
124,Movie_124,Romance,Hindi,U,2006,110,7.4,85170,17.77,67.32,Yes
125,Movie_125,Romance,English,U,2025,120,8.2,86120,2.48,2.68,No
126,Movie_126,Drama,Telugu,U,2008,129,7.9,85850,15.18,33.72,Yes
127,Movie_127,Horror,English,PG-13,2006,136,7.2,85809,5.48,11.43,Yes
128,Movie_128,Horror,Telugu,PG-13,2008,141,7.7,85829,13.05,22.66,No
129,Movie_129,Sci-Fi,English,PG-13,2007,142,7.9,85258,12.78,9.03,No
130,Movie_130,Comedy,English,R,2011,121,6.5,85968,13.34,18.32,No
131,Movie_131,Sci-Fi,Hindi,PG-13,2001,142,6.7,85453,9.06,11.29,No
132,Movie_132,Animation,Telugu,PG-13,2000,120,6.9,85347,8.84,21.54,No
133,Movie_133,Horror,English,PG-13,2015,139,6.6,85717,7.1,16.01,No
134,Movie_134,Thriller,Spanish,PG,2022,137,7.9,85874,17.51,56.23,Yes
135,Movie_135,Drama,English,PG,2022,144,6.4,85552,22.28,29.22,No
136,Movie_136,Drama,English,PG,2023,141,8.1,85535,4.88,17.65,Yes
137,Movie_137,Sci-Fi,Spanish,PG,2004,114,6.7,85228,11.72,9.08,No
138,Movie_138,Sci-Fi,Hindi,PG,2002,136,7.4,85162,14.12,10.16,No
139,Movie_139,Thriller,English,PG,2011,141,7.1,85525,13.98,6.91,No
140,Movie_140,Comedy,Hindi,R,2007,93,6.1,85773,13.81,19.36,No
141,Movie_141,Horror,Hindi,PG-13,2021,118,7.0,85975,9.01,12.29,No
142,Movie_142,Sci-Fi,Telugu,U,2002,140,7.3,85206,15.02,58.23,Yes
143,Movie_143,Romance,English,PG,2000,168,6.9,85589,19.37,27.87,No
144,Movie_144,Action,English,U,2002,146,5.8,85548,13.54,29.82,No
145,Movie_145,Animation,Hindi,PG-13,2004,169,8.5,85172,17.8,81.61,Yes
146,Movie_146,Horror,Korean,PG-13,2014,115,7.1,85352,25.6,36.99,No
147,Movie_147,Comedy,Hindi,R,2013,131,6.3,85445,3.04,7.39,No
148,Movie_148,Thriller,English,PG,2002,145,8.5,85155,24.72,128.13,Yes
149,Movie_149,Romance,Telugu,PG-13,2000,75,7.6,85654,15.75,17.02,No
150,Movie_150,Animation,Telugu,R,2004,163,5.9,85633,5.29,10.08,No
151,Movie_151,Drama,English,U,2025,78,6.1,85695,22.24,27.69,No
152,Movie_152,Horror,English,PG-13,2022,150,6.8,85150,9.04,9.11,No
153,Movie_153,Sci-Fi,Hindi,PG-13,2013,142,7.3,85558,10.01,8.56,No
154,Movie_154,Animation,Hindi,PG-13,2006,75,7.6,85486,8.32,9.27,No
